genre,image
drama,drama.jpg
documentary,documentary.jpg
comedy,comedy.jpgdrama
comedydrama,comedydrama.jpg
horror,horror.jpg
dramaromance,dramaromance.jpg
thriller,thriller.jpg
comedyromance,comedyromance.jpg
horrorthriller,horrorthriller.jpg
dramathriller,dramathriller.jpg
comedydramaromance,comedydramaromance.jpg
crimedrama,crimedrama.jpg
action,action.jpg
comedyhorror,comedyhorror.jpg
actionthriller,actionthriller.jpg
crimedramathriller,crimedramathriller.jpg
animation,animation.jpg
romance,romance.jpg
actiondrama,actiondrama.jpg
sci-fi,sci-fi.jpg
actioncomedy,actioncomedy.jpg
dramawar,dramawar.jpg
childrendrama,childrendrama.jpg
actioncrimethriller,actioncrimethriller.jpg
dramahorrorthriller,dramahorrorthriller.jpg
crimethriller,crimethriller.jpg
dramamysterythriller,dramamysterythriller.jpg
